628000.00;838000.00;0.00;747000.00;1256000.00
1162000.00;3511000.00;1255000.00;1176000.00;2696000.00
3891000.00;6658000.00;2859000.00;3024000.00;4853000.00
3005000.00;4750000.00;2426000.00;1572000.00;3944000.00
2716000.00;3732000.00;2800000.00;3132000.00;3696000.00
2621000.00;5029000.00;1883000.00;2063000.00;2868000.00
3293000.00;3716000.00;3311000.00;2322000.00;5331000.00
2794000.00;5630000.00;2230000.00;2794000.00;6213000.00
866000.00;3030000.00;1729000.00;1812000.00;2835000.00
2701000.00;5109000.00;2369000.00;2378000.00;3382000.00
2574000.00;3949000.00;2772000.00;2190000.00;3182000.00
2627000.00;3740000.00;1980000.00;1862000.00;4612000.00
3962000.00;6254000.00;3134000.00;6673000.00;6369000.00
11005000.00;11391000.00;6713000.00;8227000.00;10391000.00
1759000.00;11384000.00;4652000.00;5946000.00;9491000.00
2398000.00;3485000.00;1573000.00;2371000.00;5292000.00
5250000.00;6579000.00;4515000.00;3437000.00;5132000.00
3831000.00;5780000.00;3478000.00;1900000.00;4692000.00
3505000.00;4466000.00;2246000.00;2435000.00;3935000.00
3700000.00;4977000.00;2636000.00;2362000.00;4311000.00
3968000.00;4437000.00;3802000.00;2942000.00;5859000.00
2184000.00;5555000.00;2472000.00;2336000.00;6173000.00
1691000.00;3001000.00;835000.00;1977000.00;2285000.00
2542000.00;5363000.00;1377000.00;2525000.00;637000.00
2906000.00;4959000.00;1609000.00;1687000.00;3456000.00
2573000.00;4129000.00;2954000.00;2065000.00;3514000.00
4000000.00;5542000.00;3218000.00;6070000.00;4208000.00
6721000.00;11067000.00;5976000.00;3597000.00;10656000.00
4647000.00;3843000.00;2796000.00;5603000.00;9421000.00
2247000.00;4535000.00;2793000.00;3093000.00;5056000.00
7414000.00;11792000.00;5836000.00;6107000.00;7253000.00
5029000.00;7612000.00;5957000.00;4491000.00;6385000.00
3818000.00;5670000.00;3785000.00;2901000.00;5578000.00
3909000.00;5399000.00;2004000.00;2409000.00;5574000.00
4001000.00;6811000.00;3976000.00;5107000.00;7291000.00
3808000.00;7715000.00;2262000.00;5256000.00;7288000.00
1819000.00;3935000.00;655000.00;2233000.00;2672000.00
3931000.00;4568000.00;2760000.00;3068000.00;5564000.00
2391000.00;4209000.00;2581000.00;2020000.00;4241000.00
2393000.00;3697000.00;2571000.00;1986000.00;3066000.00
2655000.00;4717000.00;3079000.00;1975000.00;3404000.00
4079000.00;6613000.00;3933000.00;6000000.00;6275000.00
3170000.00;5906000.00;2374000.00;6140000.00;7749000.00
1685000.00;4484000.00;1206000.00;2356000.00;4645000.00
4169000.00;8151000.00;5354000.00;6145000.00;8115000.00
7738000.00;7598000.00;6839000.00;6504000.00;9710000.00
6172000.00;7330000.00;4750000.00;4108000.00;6115000.00
3814000.00;5101000.00;2416000.00;2260000.00;5353000.00
3213000.00;5847000.00;2928000.00;3279000.00;6619000.00
2923000.00;7069000.00;2081000.00;2502000.00;6821000.00
985000.00;3917000.00;2421000.00;2881000.00;4649000.00
1567000.00;4501000.00;2876000.00;2578000.00;3805000.00
2403000.00;3316000.00;2231000.00;1837000.00;2801000.00
2737000.00;3501000.00;2260000.00;1766000.00;3740000.00
2757000.00;3378000.00;3295000.00;1628000.00;3715000.00
4695000.00;6920000.00;3735000.00;3396000.00;5435000.00
2584000.00;7230000.00;2441000.00;3067000.00;5650000.00
1376000.00;3493000.00;1836000.00;2190000.00;3652000.00
4354000.00;8891000.00;3908000.00;5458000.00;6275000.00
10641000.00;13196000.00;7202000.00;6730000.00;9197000.00
5647000.00;9431000.00;4060000.00;4967000.00;6379000.00
4938000.00;7396000.00;4173000.00;2534000.00;5867000.00
3869000.00;4554000.00;3832000.00;4371000.00;6778000.00
2513000.00;7027000.00;2925000.00;5052000.00;6366000.00
1074000.00;4828000.00;1647000.00;1919000.00;2822000.00
3463000.00;4921000.00;2077000.00;2837000.00;3924000.00
2389000.00;4737000.00;4000000.00;1595000.00;3957000.00
2616000.00;3478000.00;2203000.00;970000.00;2692000.00
3201000.00;5269000.00;2988000.00;2704000.00;2918000.00
4733000.00;6635000.00;4079000.00;3214000.00;5870000.00
2194000.00;6333000.00;2919000.00;3305000.00;2891000.00
1153000.00;3997000.00;932000.00;1709000.00;3204000.00
4310000.00;6607000.00;4954000.00;6525000.00;6063000.00
4764000.00;6941000.00;3998000.00;4941000.00;8202000.00
7648000.00;11644000.00;7259000.00;6465000.00;9979000.00
5412000.00;7823000.00;4216000.00;4543000.00;7744000.00
4629000.00;5777000.00;4857000.00;4133000.00;6304000.00
2500000.00;6325000.00;3530000.00;3391000.00;7349000.00
2689000.00;4775000.00;1769000.00;1580000.00;2961000.00
2376000.00;5202000.00;3028000.00;1790000.00;5110000.00
2200000.00;5227000.00;2937000.00;2930000.00;3411000.00
1437000.00;3971000.00;2930000.00;1847000.00;3499000.00
2391000.00;3636000.00;2863000.00;841000.00;4132000.00
3620000.00;5981000.00;3694000.00;4284000.00;4141000.00
2330000.00;5422000.00;2168000.00;2282000.00;4250000.00
1614000.00;3386000.00;852000.00;2077000.00;3834000.00
2576000.00;5091000.00;2675000.00;2113000.00;3884000.00
3345000.00;5158000.00;3208000.00;4325000.00;5257000.00
3271000.00;5683000.00;3363000.00;2655000.00;5253000.00
5942000.00;8003000.00;3446000.00;4361000.00;6718000.00
9080000.00;11571000.00;6918000.00;6654000.00;8293000.00
3887000.00;9599000.00;3026000.00;3972000.00;8239000.00
3044000.00;6249000.00;2544000.00;2856000.00;5740000.00
3616000.00;5423000.00;3980000.00;2466000.00;5736000.00
2207000.00;3804000.00;2843000.00;1699000.00;3695000.00
2945000.00;4168000.00;3606000.00;2179000.00;3825000.00
2497000.00;5062000.00;2646000.00;2199000.00;4703000.00
3795000.00;5694000.00;3586000.00;3304000.00;5528000.00
186000.00;5558000.00;2401000.00;2431000.00;4196000.00
1146000.00;3046000.00;1854000.00;1816000.00;2949000.00
2280000.00;4213000.00;2601000.00;1949000.00;4009000.00
1550000.00;4781000.00;2341000.00;2110000.00;5211000.00
3224000.00;5202000.00;3598000.00;2202000.00;4457000.00
4738000.00;7049000.00;3613000.00;6255000.00;5786000.00
7715000.00;7850000.00;6625000.00;8242000.00;10947000.00
4115000.00;9528000.00;4934000.00;6344000.00;12827000.00
2111000.00;6467000.00;2969000.00;4190000.00;4522000.00
3732000.00;5260000.00;4095000.00;2891000.00;7734000.00
2382000.00;6759000.00;3751000.00;2426000.00;6853000.00
2915000.00;5553000.00;4756000.00;3986000.00;6538000.00
717000.00;1626000.00;765000.00;970000.00;1817000.00
177000.00;695000.00;0.00;407000.00;837000.00
1039000.00;2152000.00;753000.00;1076000.00;2606000.00
924000.00;3301000.00;1491000.00;1334000.00;4050000.00
2262000.00;5927000.00;2974000.00;1750000.00;7037000.00
3388000.00;4979000.00;2836000.00;2744000.00;5072000.00
2196000.00;5662000.00;3121000.00;3379000.00;5040000.00
3340000.00;6611000.00;3672000.00;4254000.00;6434000.00
10498000.00;15455000.00;8586000.00;13823000.00;10593000.00
6372000.00;11009000.00;4842000.00;6985000.00;9276000.00
1070000.00;2446000.00;2062000.00;4730000.00;6174000.00
2230000.00;8223000.00;2408000.00;4272000.00;8530000.00
5239000.00;9811000.00;4391000.00;4018000.00;7148000.00
3724000.00;5514000.00;3218000.00;3613000.00;5564000.00
4753000.00;6652000.00;4265000.00;3266000.00;6088000.00
3955000.00;7564000.00;5796000.00;5170000.00;5642000.00
3014000.00;6840000.00;2419000.00;2245000.00;5197000.00
919000.00;3915000.00;1835000.00;2666000.00;2839000.00
4228000.00;5088000.00;2801000.00;2753000.00;3741000.00
2189000.00;4988000.00;3361000.00;2265000.00;5341000.00
3020000.00;4586000.00;3219000.00;2438000.00;4598000.00
3884000.00;3923000.00;2313000.00;2546000.00;5368000.00
6050000.00;8885000.00;5781000.00;8190000.00;9257000.00
2521000.00;8554000.00;3548000.00;5058000.00;8966000.00
1728000.00;6064000.00;2460000.00;2800000.00;5348000.00
8616000.00;11018000.00;8971000.00;7543000.00;9059000.00
2449000.00;7097000.00;3420000.00;3673000.00;5766000.00
3122000.00;5470000.00;4303000.00;2768000.00;4002000.00
3092000.00;4576000.00;3389000.00;2768000.00;4529000.00
3635000.00;6899000.00;3623000.00;3729000.00;6694000.00
1934000.00;3136000.00;3754000.00;1803000.00;6822000.00
2300000.00;3866000.00;2444000.00;1788000.00;3182000.00
2321000.00;4190000.00;3039000.00;2316000.00;3484000.00
1877000.00;4979000.00;2747000.00;3058000.00;3540000.00
2275000.00;3719000.00;2964000.00;2412000.00;4316000.00
1791000.00;4279000.00;2272000.00;2722000.00;3280000.00
4675000.00;6267000.00;4313000.00;6017000.00;7120000.00
3337000.00;7817000.00;2989000.00;4532000.00;5415000.00
1102000.00;4271000.00;2307000.00;2574000.00;4926000.00
3361000.00;5187000.00;3730000.00;4423000.00;6684000.00
5157000.00;9600000.00;5065000.00;4600000.00;8646000.00
8223000.00;10343000.00;6405000.00;6547000.00;6850000.00
5716000.00;8309000.00;5425000.00;5281000.00;5459000.00
4179000.00;7784000.00;3735000.00;3533000.00;4175000.00
19000.00;7657000.00;2853000.00;3284000.00;7074000.00
1745000.00;3821000.00;2097000.00;1776000.00;4776000.00
3418000.00;5870000.00;3955000.00;1846000.00;3549000.00
2641000.00;5434000.00;2500000.00;2138000.00;3616000.00
2617000.00;4262000.00;3762000.00;1372000.00;4447000.00
2490000.00;3669000.00;2516000.00;1574000.00;3871000.00
2297000.00;6585000.00;2923000.00;3425000.00;6284000.00
2371000.00;4647000.00;2317000.00;2632000.00;5740000.00
777000.00;3621000.00;1460000.00;1594000.00;3415000.00
2774000.00;6601000.00;2895000.00;3502000.00;4283000.00
3432000.00;5325000.00;3340000.00;4728000.00;6820000.00
3708000.00;5356000.00;3484000.00;3326000.00;7627000.00
8651000.00;14028000.00;8151000.00;9616000.00;10189000.00
5639000.00;8146000.00;7118000.00;4254000.00;8211000.00
2188000.00;7139000.00;3713000.00;4018000.00;8249000.00
1895000.00;4200000.00;2326000.00;2302000.00;4568000.00
2940000.00;4125000.00;4397000.00;2494000.00;4768000.00
2276000.00;4308000.00;3187000.00;2170000.00;4384000.00
2578000.00;5930000.00;4024000.00;3114000.00;4772000.00
3772000.00;5675000.00;3980000.00;1730000.00;4003000.00
3699000.00;4333000.00;3799000.00;1467000.00;4999000.00
2369000.00;4434000.00;2223000.00;3937000.00;6266000.00
1190000.00;4621000.00;2168000.00;2058000.00;2841000.00
3243000.00;4347000.00;4503000.00;2418000.00;4737000.00
3440000.00;4935000.00;2428000.00;3917000.00;5631000.00
4611000.00;6547000.00;3243000.00;4628000.00;7634000.00
5428000.00;6392000.00;4626000.00;4750000.00;6648000.00
11678000.00;10460000.00;8862000.00;8736000.00;9172000.00
4327000.00;9324000.00;4603000.00;6745000.00;10950000.00
2439000.00;1812000.00;3248000.00;4405000.00;4520000.00
4846000.00;6286000.00;3798000.00;3708000.00;4939000.00
3615000.00;6874000.00;2967000.00;2888000.00;5258000.00
2802000.00;5253000.00;3987000.00;2350000.00;4441000.00
3074000.00;6312000.00;2651000.00;2340000.00;4922000.00
3793000.00;5488000.00;4290000.00;3885000.00;3998000.00
2271000.00;4202000.00;2649000.00;3364000.00;5183000.00
1040000.00;2417000.00;1359000.00;1521000.00;3009000.00
2568000.00;5752000.00;3780000.00;2586000.00;4332000.00
2617000.00;3294000.00;2593000.00;1976000.00;3852000.00
2426000.00;3933000.00;2104000.00;1472000.00;3285000.00
4458000.00;7051000.00;4276000.00;2708000.00;6744000.00
8611000.00;12220000.00;10018000.00;6050000.00;13562000.00
6219000.00;11314000.00;4634000.00;8373000.00;12568000.00
2609000.00;5544000.00;2263000.00;1425000.00;1910000.00
3956000.00;5359000.00;4559000.00;1623000.00;5482000.00
3342000.00;3540000.00;2072000.00;2021000.00;5439000.00
3303000.00;3804000.00;3135000.00;2437000.00;4330000.00
3126000.00;4881000.00;4177000.00;1834000.00;5229000.00
3719000.00;5786000.00;4536000.00;3082000.00;5138000.00
2687000.00;3376000.00;3052000.00;3039000.00;4589000.00
1270000.00;3351000.00;2218000.00;1635000.00;4631000.00
2589000.00;2716000.00;2675000.00;1926000.00;4213000.00
1240000.00;839000.00;2138000.00;1025000.00;5577000.00
1962000.00;2643000.00;3763000.00;1825000.00;5240000.00
3293000.00;3614000.00;2845000.00;3762000.00;5213000.00
9061000.00;10713000.00;8296000.00;12364000.00;11724000.00
4385000.00;10468000.00;6328000.00;7041000.00;10371000.00
2885000.00;6566000.00;3961000.00;2857000.00;5012000.00
8352000.00;12052000.00;9548000.00;5142000.00;8234000.00
4711000.00;6210000.00;5007000.00;3501000.00;5863000.00
2963000.00;7529000.00;2694000.00;2078000.00;6608000.00
4130000.00;4182000.00;3724000.00;3140000.00;5678000.00
3806000.00;5719000.00;3886000.00;3552000.00;5477000.00
2574000.00;6046000.00;2731000.00;2264000.00;6306000.00
2332000.00;3956000.00;2052000.00;1496000.00;4431000.00
3028000.00;4944000.00;4140000.00;2348000.00;3880000.00
1955000.00;4710000.00;3141000.00;1495000.00;1829000.00
3017000.00;4102000.00;2984000.00;1559000.00;1368000.00
2388000.00;5367000.00;3639000.00;2122000.00;3544000.00
7124000.00;8594000.00;5068000.00;6387000.00;8993000.00
5305000.00;3239000.00;3034000.00;5780000.00;10672000.00
1621000.00;5050000.00;2582000.00;3851000.00;4586000.00
9752000.00;9615000.00;9114000.00;7116000.00;8669000.00
4407000.00;8825000.00;3064000.00;2366000.00;6482000.00
6622000.00;7340000.00;5366000.00;4093000.00;7463000.00
3499000.00;6267000.00;4043000.00;2887000.00;4696000.00
3754000.00;6748000.00;4018000.00;4061000.00;6771000.00
3092000.00;6885000.00;3901000.00;2450000.00;4622000.00
846000.00;4524000.00;1538000.00;2592000.00;1388000.00
3121000.00;5088000.00;4244000.00;2458000.00;3855000.00
3397000.00;4170000.00;4595000.00;1754000.00;2596000.00
3007000.00;3756000.00;2629000.00;1828000.00;3087000.00
2235000.00;4231000.00;3115000.00;2020000.00;3862000.00
4447000.00;4749000.00;3660000.00;4161000.00;5533000.00
1474000.00;6252000.00;2049000.00;2158000.00;4386000.00
1278000.00;3959000.00;1476000.00;1680000.00;4305000.00
5552000.00;6368000.00;3992000.00;6297000.00;7969000.00
2627000.00;5490000.00;2767000.00;2953000.00;4860000.00
4593000.00;9662000.00;7180000.00;6404000.00;10483000.00
7785000.00;10549000.00;6193000.00;6418000.00;8992000.00
4643000.00;8774000.00;4855000.00;4063000.00;8114000.00
4149000.00;3184000.00;3281000.00;3392000.00;7496000.00
1392000.00;5876000.00;2680000.00;1450000.00;5944000.00
4207000.00;6904000.00;4296000.00;2816000.00;3793000.00
2645000.00;6334000.00;3957000.00;2159000.00;5390000.00
2149000.00;4363000.00;3932000.00;1613000.00;3356000.00
2594000.00;5061000.00;2760000.00;2847000.00;3202000.00
4089000.00;6351000.00;4270000.00;3781000.00;6074000.00
2373000.00;4897000.00;2497000.00;2380000.00;4948000.00
1052000.00;3621000.00;2430000.00;2191000.00;3127000.00
2668000.00;4166000.00;2339000.00;631000.00;3839000.00
2742000.00;4514000.00;3182000.00;3658000.00;4421000.00
6871000.00;7887000.00;4405000.00;5544000.00;10608000.00
9931000.00;14702000.00;9057000.00;9312000.00;13248000.00
4660000.00;10097000.00;3212000.00;3807000.00;8751000.00
2166000.00;7314000.00;3232000.00;3929000.00;9043000.00
1527000.00;4372000.00;3155000.00;2295000.00;5901000.00
4001000.00;6514000.00;5661000.00;3947000.00;5129000.00
2449000.00;4835000.00;3733000.00;2948000.00;5083000.00
1994000.00;4880000.00;2904000.00;2333000.00;4002000.00
3644000.00;6457000.00;4227000.00;1555000.00;3946000.00
3161000.00;4423000.00;3983000.00;2887000.00;5450000.00
1879000.00;5655000.00;3100000.00;3014000.00;5494000.00
1484000.00;3772000.00;1834000.00;1186000.00;4121000.00
2904000.00;5248000.00;4171000.00;1830000.00;5326000.00
2406000.00;5089000.00;2092000.00;1441000.00;4639000.00
4585000.00;6888000.00;2968000.00;3566000.00;4810000.00
5939000.00;7000000.00;3957000.00;5091000.00;8945000.00
7898000.00;14341000.00;8624000.00;7983000.00;11442000.00
4863000.00;9647000.00;5308000.00;7377000.00;7190000.00
2139000.00;6577000.00;3472000.00;3468000.00;7915000.00
5915000.00;7344000.00;5325000.00;2728000.00;8748000.00
4697000.00;5143000.00;3215000.00;2325000.00;4253000.00
3279000.00;4510000.00;2561000.00;1873000.00;4211000.00
2760000.00;4173000.00;2826000.00;2264000.00;6507000.00
4458000.00;6597000.00;4074000.00;2232000.00;6177000.00
3064000.00;4491000.00;2786000.00;1859000.00;5379000.00
1186000.00;4095000.00;2089000.00;1445000.00;3070000.00
3086000.00;5342000.00;3168000.00;2095000.00;4980000.00
2020000.00;5194000.00;3377000.00;2291000.00;3586000.00
3351000.00;3779000.00;3168000.00;2384000.00;3264000.00
3453000.00;6275000.00;3372000.00;2844000.00;6470000.00
7980000.00;12337000.00;9996000.00;12525000.00;15069000.00
0.00;9532000.00;5212000.00;5994000.00;12749000.00
0.00;6685000.00;2454000.00;3958000.00;5245000.00
0.00;8753000.00;3011000.00;2816000.00;8205000.00
3209000.00;6263000.00;4779000.00;2810000.00;5145000.00
3261000.00;5225000.00;4878000.00;2438000.00;3540000.00
2979000.00;5037000.00;3220000.00;2074000.00;4759000.00
2404000.00;6408000.00;3847000.00;4217000.00;5410000.00
2111000.00;5286000.00;2450000.00;1847000.00;6537000.00
1096000.00;2772000.00;1487000.00;2003000.00;5035000.00
2403000.00;4746000.00;3304000.00;1945000.00;3912000.00
2493000.00;4516000.00;1464000.00;1689000.00;4056000.00
2385000.00;5293000.00;2441000.00;1976000.00;4404000.00
2316000.00;3659000.00;2978000.00;2482000.00;4356000.00
5887000.00;8360000.00;4885000.00;7129000.00;8114000.00
3673000.00;8177000.00;3159000.00;5836000.00;9146000.00
1597000.00;4543000.00;2819000.00;2850000.00;6140000.00
4899000.00;7564000.00;6876000.00;5806000.00;5471000.00
7981000.00;11891000.00;7564000.00;4678000.00;10110000.00
5317000.00;7321000.00;1127000.00;2154000.00;4647000.00
4293000.00;7088000.00;5253000.00;3262000.00;4353000.00
4764000.00;5701000.00;4285000.00;3428000.00;6667000.00
1832000.00;6076000.00;2674000.00;1170000.00;5602000.00
1461000.00;6321000.00;2388000.00;2926000.00;3876000.00
2404000.00;6018000.00;3510000.00;2740000.00;2317000.00
2663000.00;3829000.00;2695000.00;1399000.00;3798000.00
2806000.00;4989000.00;2860000.00;1581000.00;4647000.00
2441000.00;4470000.00;4308000.00;1831000.00;3836000.00
3711000.00;5929000.00;3815000.00;4010000.00;5862000.00
1108000.00;4918000.00;2026000.00;2176000.00;2555000.00
1570000.00;4170000.00;1712000.00;1454000.00;4693000.00
5823000.00;6779000.00;4070000.00;5367000.00;9562000.00
4468000.00;7700000.00;4263000.00;4341000.00;6309000.00
6612000.00;8004000.00;8347000.00;6192000.00;9127000.00
3331000.00;5853000.00;4999000.00;2022000.00;4910000.00
1936000.00;4249000.00;2309000.00;1964000.00;3624000.00
3671000.00;8369000.00;2856000.00;3606000.00;6916000.00
1200000.00;4780000.00;2243000.00;1531000.00;4511000.00
2999000.00;5495000.00;4185000.00;2045000.00;7488000.00
3912000.00;4256000.00;3595000.00;2385000.00;4406000.00
3080000.00;6374000.00;2472000.00;1896000.00;3273000.00
3024000.00;4724000.00;3599000.00;1871000.00;5396000.00
4270000.00;8049000.00;4024000.00;3405000.00;7309000.00
3908000.00;6516000.00;2893000.00;3123000.00;8509000.00
1664000.00;5919000.00;1674000.00;3727000.00;5173000.00
5202000.00;5789000.00;4168000.00;3101000.00;6686000.00
4885000.00;8301000.00;4739000.00;4500000.00;7993000.00
5795000.00;8108000.00;5341000.00;3800000.00;9060000.00
11279000.00;11303000.00;8534000.00;9424000.00;6838000.00
9318000.00;15549000.00;9057000.00;6540000.00;10961000.00
4116000.00;11157000.00;5087000.00;6776000.00;8638000.00
3469000.00;7222000.00;3527000.00;4201000.00;7940000.00
4746000.00;8457000.00;5432000.00;3753000.00;6889000.00
4989000.00;7720000.00;4340000.00;3723000.00;7079000.00
4952000.00;8154000.00;4169000.00;2937000.00;2520000.00
3861000.00;8768000.00;4706000.00;5993000.00;2910000.00
11616000.00;12688000.00;4498000.00;6032000.00;6288000.00
5617000.00;13625000.00;4384000.00;3102000.00;3332000.00
3368000.00;8252000.00;2459000.00;4748000.00;5477000.00
6774000.00;8710000.00;4528000.00;5972000.00;9299000.00
4404000.00;4380000.00;6425000.00;4287000.00;7102000.00
5450000.00;7071000.00;4637000.00;5462000.00;6386000.00
7188000.00;11168000.00;5540000.00;6264000.00;11449000.00
7240000.00;15327000.00;8149000.00;9944000.00;11054000.00
3553000.00;13868000.00;4697000.00;6979000.00;13306000.00
4410000.00;8531000.00;3847000.00;4980000.00;4782000.00
7174000.00;12650000.00;6384000.00;5590000.00;8368000.00
5526000.00;9128000.00;6355000.00;4301000.00;5876000.00
5525000.00;9255000.00;4681000.00;5856000.00;6884000.00
5533000.00;9341000.00;4695000.00;4347000.00;7961000.00
8165000.00;11024000.00;8366000.00;6474000.00;9283000.00
5061000.00;10518000.00;6480000.00;6319000.00;13882000.00
2672000.00;8215000.00;4749000.00;3871000.00;9256000.00
1185000.00;3639000.00;0.00;1749000.00;4570000.00
4713000.00;9270000.00;4105000.00;3130000.00;6911000.00
3395000.00;5417000.00;4719000.00;3200000.00;5969000.00
3157000.00;8850000.00;3436000.00;4903000.00;8415000.00
1732000.00;9139000.00;4246000.00;4662000.00;10924000.00
1833000.00;7721000.00;3500000.00;3769000.00;8224000.00
1619000.00;4320000.00;1828000.00;3264000.00;6170000.00
839000.00;1868000.00;0.00;1810000.00;3152000.00
5217000.00;10863000.00;5833000.00;4549000.00;8297000.00
4248000.00;6453000.00;3558000.00;2754000.00;7612000.00
4688000.00;8096000.00;2903000.00;2589000.00;6131000.00
5138000.00;7322000.00;3509000.00;3076000.00;5670000.00
2580000.00;5315000.00;2862000.00;2391000.00;6023000.00
1043000.00;3909000.00;1246000.00;1705000.00;4358000.00
3572000.00;6692000.00;3941000.00;2429000.00;5333000.00
3259000.00;6739000.00;3005000.00;1778000.00;5157000.00
2915000.00;3579000.00;3361000.00;2154000.00;3229000.00
2501000.00;7058000.00;2896000.00;2407000.00;4504000.00
7011000.00;8831000.00;5125000.00;5402000.00;9081000.00
3614000.00;8622000.00;3271000.00;4690000.00;9175000.00
982000.00;6373000.00;1927000.00;3106000.00;5576000.00
7081000.00;11750000.00;7168000.00;6435000.00;12038000.00
5964000.00;8105000.00;5273000.00;3734000.00;8534000.00
4964000.00;5624000.00;3864000.00;2757000.00;5307000.00
3898000.00;5658000.00;3513000.00;2947000.00;3450000.00
4946000.00;6486000.00;4546000.00;4480000.00;6520000.00
2080000.00;7618000.00;3298000.00;2633000.00;7967000.00
815000.00;4309000.00;1707000.00;1977000.00;3974000.00
3398000.00;5896000.00;3344000.00;1781000.00;5794000.00
2257000.00;4507000.00;3008000.00;1566000.00;4018000.00
2551000.00;4261000.00;3386000.00;1670000.00;3626000.00
4196000.00;6419000.00;2967000.00;2501000.00;3830000.00
7464000.00;7881000.00;4327000.00;5562000.00;8780000.00
3588000.00;8439000.00;3055000.00;4731000.00;7633000.00
1130000.00;5213000.00;2575000.00;3058000.00;5917000.00
3484000.00;7274000.00;4280000.00;3236000.00;6848000.00
4282000.00;8935000.00;3833000.00;4897000.00;8774000.00
7916000.00;10413000.00;5527000.00;6553000.00;9552000.00
5939000.00;5757000.00;4112000.00;3921000.00;10415000.00
6159000.00;8524000.00;5012000.00;5119000.00;6862000.00
3639000.00;8553000.00;3079000.00;5173000.00;8900000.00
1466000.00;3309000.00;2397000.00;1694000.00;6058000.00
4656000.00;5994000.00;3609000.00;2277000.00;3841000.00
2907000.00;5079000.00;2612000.00;1447000.00;4387000.00
3984000.00;5303000.00;3090000.00;2140000.00;4185000.00
3217000.00;4740000.00;2745000.00;2020000.00;4557000.00
4305000.00;6465000.00;3361000.00;3319000.00;6371000.00
2634000.00;3465000.00;2150000.00;2578000.00;6738000.00
1270000.00;3235000.00;2090000.00;1721000.00;4305000.00
3188000.00;6128000.00;3540000.00;3126000.00;5158000.00
4721000.00;6210000.00;3537000.00;3532000.00;8137000.00
4889000.00;10241000.00;4226000.00;4688000.00;9356000.00
8228000.00;11357000.00;7425000.00;7644000.00;10458000.00
5974000.00;9402000.00;5729000.00;4378000.00;9249000.00
3029000.00;8138000.00;2793000.00;3702000.00;6438000.00
1422000.00;6072000.00;2114000.00;2262000.00;6458000.00
3769000.00;3864000.00;3695000.00;2350000.00;5470000.00
3382000.00;5075000.00;3095000.00;2310000.00;4231000.00
2583000.00;4158000.00;3131000.00;1491000.00;3754000.00
2463000.00;4566000.00;3447000.00;2340000.00;3721000.00
4734000.00;5600000.00;3509000.00;3069000.00;4293000.00
2819000.00;5984000.00;2921000.00;2347000.00;5852000.00
1388000.00;5186000.00;1595000.00;1221000.00;4222000.00
2805000.00;5815000.00;3618000.00;1949000.00;4167000.00
4078000.00;4822000.00;3769000.00;3387000.00;6477000.00
9066000.00;12302000.00;7543000.00;8816000.00;11649000.00
7722000.00;10922000.00;6240000.00;4764000.00;9513000.00
3686000.00;8007000.00;4720000.00;4893000.00;7227000.00
3640000.00;8278000.00;2526000.00;3115000.00;7912000.00
1367000.00;5347000.00;2627000.00;2615000.00;5466000.00
2819000.00;6194000.00;4193000.00;1870000.00;5162000.00
2754000.00;3674000.00;3180000.00;2257000.00;3789000.00
3147000.00;5118000.00;3458000.00;2419000.00;5027000.00
2161000.00;5053000.00;2506000.00;1193000.00;5061000.00
4947000.00;5314000.00;3196000.00;2993000.00;6106000.00
1974000.00;7331000.00;3356000.00;2722000.00;5707000.00
1540000.00;3824000.00;1904000.00;2261000.00;4331000.00
3478000.00;7451000.00;3507000.00;1800000.00;5508000.00
5086000.00;5955000.00;4281000.00;3644000.00;6810000.00
5418000.00;7795000.00;5502000.00;5379000.00;9040000.00
6439000.00;12591000.00;8313000.00;6467000.00;11735000.00
6225000.00;10891000.00;5601000.00;5785000.00;8302000.00
3764000.00;6948000.00;2850000.00;2881000.00;9739000.00
1791000.00;6045000.00;2779000.00;2269000.00;6859000.00
2580000.00;4897000.00;4108000.00;1475000.00;4940000.00
3680000.00;6317000.00;2979000.00;1946000.00;4654000.00
3061000.00;5660000.00;3920000.00;2256000.00;4785000.00
3008000.00;4512000.00;2859000.00;1335000.00;4489000.00
3973000.00;6325000.00;3330000.00;3166000.00;6175000.00
2738000.00;7437000.00;2666000.00;2129000.00;5389000.00
633000.00;4443000.00;1876000.00;1210000.00;3755000.00
2757000.00;5820000.00;3045000.00;2085000.00;3530000.00
3492000.00;5534000.00;3184000.00;1557000.00;4188000.00
4860000.00;6793000.00;4137000.00;3389000.00;8173000.00
4790000.00;7889000.00;3867000.00;3705000.00;7216000.00
9705000.00;10793000.00;9649000.00;7005000.00;12490000.00
5056000.00;10204000.00;4463000.00;7106000.00;9282000.00
2681000.00;7230000.00;3160000.00;3297000.00;7877000.00
4342000.00;9815000.00;6430000.00;2562000.00;7388000.00
3773000.00;6385000.00;4106000.00;2112000.00;5473000.00
2749000.00;5674000.00;3570000.00;1815000.00;3967000.00
4293000.00;5787000.00;4376000.00;2508000.00;5770000.00
6724000.00;7643000.00;4866000.00;3686000.00;7562000.00
3381000.00;6086000.00;3385000.00;3625000.00;6612000.00
1139000.00;5187000.00;3271000.00;1207000.00;3999000.00
3262000.00;7864000.00;4101000.00;3210000.00;5868000.00
6757000.00;9791000.00;5844000.00;7105000.00;13225000.00
3302000.00;9767000.00;3664000.00;6024000.00;10433000.00
976000.00;3218000.00;704000.00;1299000.00;4007000.00
687000.00;1698000.00;0.00;1003000.00;1642000.00
1461000.00;5380000.00;1878000.00;2868000.00;9067000.00
1687000.00;7711000.00;3182000.00;3051000.00;7716000.00
6261000.00;10137000.00;6278000.00;5155000.00;10568000.00
3440000.00;6838000.00;4102000.00;1984000.00;6994000.00
3047000.00;4769000.00;3924000.00;2175000.00;4863000.00
2723000.00;4531000.00;3878000.00;2000000.00;5107000.00
5004000.00;6334000.00;3905000.00;2965000.00;7072000.00
4132000.00;7486000.00;3061000.00;2595000.00;7897000.00
1386000.00;5022000.00;2761000.00;1867000.00;4907000.00
2971000.00;5897000.00;3439000.00;1601000.00;4155000.00
2750000.00;3880000.00;2675000.00;1872000.00;3708000.00
3385000.00;4338000.00;2778000.00;1835000.00;4788000.00
2333000.00;4255000.00;2747000.00;2847000.00;4853000.00
9101000.00;9193000.00;7162000.00;7087000.00;11070000.00
3040000.00;9280000.00;3801000.00;4142000.00;10156000.00
2081000.00;5690000.00;2587000.00;2494000.00;8131000.00
8718000.00;12053000.00;7938000.00;7001000.00;12531000.00
3703000.00;10095000.00;2897000.00;3596000.00;9255000.00
4744000.00;8304000.00;5197000.00;4302000.00;6357000.00
2524000.00;6922000.00;3797000.00;1404000.00;5540000.00
5150000.00;6960000.00;5205000.00;1664000.00;6848000.00
2915000.00;7218000.00;2994000.00;2616000.00;7043000.00
1335000.00;4239000.00;2122000.00;1511000.00;5514000.00
3848000.00;5178000.00;3907000.00;2239000.00;5747000.00
2704000.00;5619000.00;3133000.00;1685000.00;5253000.00
2665000.00;4683000.00;2448000.00;1333000.00;5250000.00
2657000.00;6013000.00;3848000.00;2310000.00;3968000.00
6093000.00;7582000.00;3399000.00;3734000.00;8739000.00
2959000.00;9790000.00;3556000.00;4404000.00;9293000.00
1520000.00;6019000.00;1682000.00;1909000.00;5143000.00
6884000.00;8046000.00;4492000.00;4097000.00;8312000.00
4496000.00;11499000.00;7753000.00;6702000.00;10908000.00
4248000.00;8375000.00;5975000.00;4426000.00;6766000.00
3093000.00;6260000.00;3741000.00;2848000.00;5122000.00
4759000.00;5860000.00;4656000.00;2512000.00;6075000.00
889000.00;8040000.00;4607000.00;2440000.00;8673000.00
1213000.00;4583000.00;2340000.00;1563000.00;4758000.00
2543000.00;6134000.00;3447000.00;2010000.00;4498000.00
1952000.00;3982000.00;4178000.00;1228000.00;3576000.00
2581000.00;4961000.00;2765000.00;1805000.00;4613000.00
2885000.00;4866000.00;3717000.00;1538000.00;5337000.00
5503000.00;6330000.00;4398000.00;2526000.00;6582000.00
2639000.00;6482000.00;3739000.00;2964000.00;7912000.00
1006000.00;4265000.00;2012000.00;2076000.00;3907000.00
5014000.00;7203000.00;4002000.00;5084000.00;7974000.00
2804000.00;5928000.00;3796000.00;3729000.00;5405000.00
5051000.00;8706000.00;6417000.00;2428000.00;3866000.00
8074000.00;9712000.00;9491000.00;6076000.00;6527000.00
4614000.00;7552000.00;6248000.00;3256000.00;9306000.00
806000.00;7713000.00;3734000.00;3071000.00;8966000.00
350000.00;6740000.00;3760000.00;2315000.00;6535000.00
3414000.00;6596000.00;4116000.00;2614000.00;4808000.00
3084000.00;6136000.00;3845000.00;1700000.00;5494000.00
3450000.00;5124000.00;3176000.00;2032000.00;5539000.00
3846000.00;4381000.00;3818000.00;1942000.00;5716000.00
4485000.00;4574000.00;4454000.00;2173000.00;4584000.00
1973000.00;7199000.00;2873000.00;1355000.00;6325000.00
790000.00;4756000.00;2174000.00;1183000.00;3808000.00
2778000.00;6414000.00;3600000.00;1700000.00;5009000.00
2492000.00;5869000.00;3340000.00;1157000.00;4517000.00
2748000.00;5328000.00;3844000.00;3690000.00;8350000.00
5509000.00;7174000.00;4196000.00;4176000.00;7827000.00
9575000.00;12383000.00;7917000.00;7516000.00;12021000.00
2507000.00;10964000.00;5169000.00;4806000.00;11169000.00
2001000.00;6254000.00;2907000.00;2802000.00;6520000.00
4337000.00;6125000.00;4167000.00;2953000.00;3505000.00
2812000.00;6353000.00;3306000.00;1647000.00;5068000.00
3057000.00;5384000.00;3137000.00;2237000.00;5131000.00
2459000.00;4453000.00;3090000.00;2200000.00;4303000.00
4404000.00;7562000.00;3402000.00;2837000.00;5859000.00
2570000.00;6144000.00;2533000.00;2062000.00;6223000.00
1027000.00;3177000.00;1195000.00;1199000.00;3776000.00
3196000.00;6463000.00;2919000.00;2078000.00;4566000.00
2549000.00;4452000.00;3568000.00;2229000.00;5479000.00
3043000.00;4599000.00;2144000.00;1676000.00;4683000.00
6650000.00;6549000.00;4564000.00;3543000.00;9606000.00
8533000.00;12700000.00;9162000.00;8119000.00;10395000.00
5653000.00;13374000.00;3586000.00;4080000.00;15337000.00
1772000.00;4991000.00;3526000.00;4036000.00;7648000.00
2860000.00;7661000.00;4498000.00;2758000.00;8148000.00
2309000.00;6658000.00;3150000.00;2429000.00;7178000.00
3654000.00;6444000.00;3022000.00;1760000.00;7320000.00
3263000.00;6369000.00;3661000.00;2192000.00;5876000.00
3682000.00;5019000.00;3815000.00;2667000.00;6691000.00
2268000.00;6313000.00;2049000.00;2796000.00;7082000.00
1257000.00;3419000.00;1807000.00;1651000.00;3430000.00
2526000.00;4939000.00;5086000.00;1699000.00;3899000.00
2045000.00;4728000.00;2732000.00;1958000.00;4234000.00
2647000.00;4697000.00;2797000.00;2230000.00;4620000.00
2917000.00;5830000.00;3817000.00;2682000.00;5463000.00
10242000.00;11497000.00;7942000.00;8505000.00;13743000.00
4227000.00;10031000.00;4547000.00;5999000.00;13274000.00
2027000.00;6728000.00;4135000.00;3254000.00;9254000.00
3777000.00;8058000.00;5384000.00;3545000.00;7740000.00
4086000.00;5821000.00;4524000.00;3416000.00;6612000.00
2867000.00;4704000.00;4655000.00;1925000.00;5627000.00
2975000.00;4535000.00;3345000.00;1550000.00;4942000.00
3879000.00;6079000.00;4838000.00;4029000.00;6384000.00
1873000.00;5732000.00;2861000.00;2220000.00;6684000.00
878000.00;4604000.00;2739000.00;1794000.00;5576000.00
1959000.00;5058000.00;2455000.00;1215000.00;4998000.00
1799000.00;3991000.00;1721000.00;1460000.00;4315000.00
665000.00;3738000.00;1525000.00;1529000.00;4831000.00
2175000.00;3543000.00;2657000.00;1536000.00;4327000.00
6073000.00;8372000.00;2515000.00;5264000.00;9417000.00
2645000.00;7316000.00;2548000.00;2710000.00;9477000.00
661000.00;4091000.00;1740000.00;1541000.00;5781000.00
3249000.00;9818000.00;4189000.00;3876000.00;8916000.00
3104000.00;7787000.00;5084000.00;3394000.00;9715000.00
3024000.00;5382000.00;2472000.00;2956000.00;7283000.00
1454000.00;5479000.00;1452000.00;2320000.00;10197000.00
4005000.00;5675000.00;3630000.00;2771000.00;7396000.00
1758000.00;5491000.00;1688000.00;1754000.00;7084000.00
728000.00;3300000.00;2052000.00;1136000.00;4053000.00
1793000.00;5077000.00;1871000.00;2154000.00;6526000.00
1627000.00;3197000.00;2258000.00;1561000.00;4427000.00
2284000.00;4033000.00;2281000.00;1051000.00;4203000.00
1533000.00;4582000.00;2934000.00;1486000.00;5250000.00
3710000.00;5129000.00;3097000.00;2978000.00;5929000.00
1489000.00;5493000.00;2269000.00;2185000.00;7581000.00
697000.00;2774000.00;1608000.00;1018000.00;5041000.00
4099000.00;6974000.00;3629000.00;768000.00;9692000.00
2265000.00;9941000.00;4134000.00;5595000.00;10239000.00
3275000.00;7223000.00;2993000.00;2832000.00;11699000.00
3078000.00;6539000.00;3088000.00;2400000.00;8932000.00
3330000.00;5731000.00;2651000.00;3167000.00;7181000.00
1566000.00;6401000.00;1650000.00;2267000.00;7971000.00
1151000.00;3423000.00;2994000.00;975000.00;5371000.00
2311000.00;6004000.00;2556000.00;1884000.00;4922000.00
1424000.00;3077000.00;1499000.00;734000.00;3336000.00
1109000.00;2919000.00;1928000.00;1691000.00;3942000.00
1884000.00;3748000.00;2081000.00;1552000.00;4822000.00
3003000.00;4591000.00;2744000.00;2132000.00;7159000.00
1635000.00;5033000.00;1650000.00;1789000.00;6684000.00
958000.00;3070000.00;1105000.00;1204000.00;4165000.00
2191000.00;4947000.00;1511000.00;2666000.00;4052000.00
2086000.00;6609000.00;2446000.00;3147000.00;9243000.00
2035000.00;5748000.00;2624000.00;1695000.00;6628000.00
4382000.00;9169000.00;3760000.00;3741000.00;8444000.00
4932000.00;8590000.00;4248000.00;4705000.00;12335000.00
2013000.00;7943000.00;2143000.00;3312000.00;8226000.00
1057000.00;5131000.00;1501000.00;2311000.00;7422000.00
2950000.00;6683000.00;3659000.00;1284000.00;6240000.00
3461000.00;4218000.00;3421000.00;1949000.00;5081000.00
2418000.00;2917000.00;1937000.00;1246000.00;4084000.00
3207000.00;4048000.00;2661000.00;1760000.00;5760000.00
3828000.00;4261000.00;2587000.00;2253000.00;6952000.00
2002000.00;5019000.00;1823000.00;1778000.00;7443000.00
1030000.00;3410000.00;1808000.00;1010000.00;4813000.00
1484000.00;3110000.00;1977000.00;1578000.00;4592000.00
1327000.00;3992000.00;1659000.00;545000.00;4518000.00
2122000.00;3572000.00;1778000.00;1810000.00;5735000.00
3943000.00;5420000.00;2097000.00;3461000.00;10126000.00
5353000.00;10122000.00;5641000.00;5539000.00;15011000.00
2383000.00;10778000.00;2722000.00;3939000.00;8514000.00
2710000.00;6863000.00;1774000.00;2518000.00;10482000.00
3097000.00;7266000.00;3510000.00;2539000.00;7937000.00
2554000.00;3266000.00;1674000.00;1524000.00;4862000.00
1819000.00;3163000.00;2689000.00;1195000.00;5443000.00
2652000.00;3270000.00;1884000.00;1508000.00;5609000.00
2891000.00;6623000.00;1775000.00;2226000.00;9064000.00
1729000.00;4662000.00;2415000.00;1857000.00;6025000.00
1148000.00;3138000.00;1129000.00;927000.00;4683000.00
2150000.00;4136000.00;2105000.00;1072000.00;7815000.00
1644000.00;2754000.00;2031000.00;979000.00;5405000.00
2220000.00;3768000.00;1876000.00;1300000.00;5897000.00
3216000.00;5402000.00;2682000.00;2081000.00;4662000.00
5622000.00;13214000.00;5768000.00;6412000.00;11462000.00
3703000.00;10339000.00;2945000.00;5364000.00;11367000.00
2321000.00;7520000.00;1844000.00;2738000.00;9086000.00
3419000.00;8108000.00;3212000.00;2789000.00;9782000.00
2172000.00;4458000.00;2974000.00;1959000.00;4211000.00
2222000.00;4820000.00;2960000.00;1736000.00;5417000.00
3496000.00;4024000.00;2049000.00;1743000.00;4735000.00
4167000.00;5404000.00;2068000.00;2681000.00;7144000.00
1559000.00;4771000.00;1753000.00;2137000.00;6959000.00
582000.00;2814000.00;1010000.00;1243000.00;2987000.00
1853000.00;4037000.00;2162000.00;925000.00;4138000.00
1818000.00;3642000.00;1979000.00;1281000.00;3815000.00
2396000.00;3638000.00;1930000.00;1781000.00;5036000.00
2231000.00;3558000.00;1995000.00;1028000.00;5604000.00
2590000.00;10348000.00;5087000.00;6670000.00;16172000.00
3036000.00;7842000.00;2033000.00;2696000.00;11451000.00
1048000.00;5748000.00;1665000.00;2223000.00;7736000.00
2871000.00;8909000.00;3085000.00;2569000.00;14778000.00
3371000.00;7024000.00;4011000.00;2306000.00;8567000.00
752000.00;3905000.00;2378000.00;2046000.00;8613000.00
1692000.00;4649000.00;2410000.00;1389000.00;6948000.00
2270000.00;5803000.00;2802000.00;2047000.00;9993000.00
1080000.00;5448000.00;2538000.00;1637000.00;7197000.00
1035000.00;2985000.00;1779000.00;1116000.00;3272000.00
1384000.00;4005000.00;2312000.00;1595000.00;4158000.00
1253000.00;3082000.00;2605000.00;1105000.00;5299000.00
1778000.00;3953000.00;2077000.00;1443000.00;4127000.00
2539000.00;4707000.00;1898000.00;1403000.00;5526000.00
4785000.00;6996000.00;3169000.00;4041000.00;8525000.00
2447000.00;5881000.00;1511000.00;3023000.00;9239000.00
1003000.00;4876000.00;1101000.00;1766000.00;6373000.00
1693000.00;5967000.00;3501000.00;2454000.00;6362000.00
2569000.00;7043000.00;4213000.00;4548000.00;10224000.00
3581000.00;4626000.00;4865000.00;4332000.00;8045000.00
4246000.00;6223000.00;3129000.00;2538000.00;7375000.00
3004000.00;4951000.00;3306000.00;2299000.00;8726000.00
2536000.00;6883000.00;2695000.00;2808000.00;10215000.00
1287000.00;4011000.00;1544000.00;1509000.00;4626000.00
2666000.00;4331000.00;3204000.00;1795000.00;6821000.00
2008000.00;4986000.00;3299000.00;1160000.00;4563000.00
943000.00;2890000.00;1470000.00;1442000.00;4396000.00
2697000.00;3627000.00;3053000.00;1616000.00;5110000.00
2001000.00;5087000.00;3068000.00;2831000.00;6411000.00
1816000.00;4904000.00;1922000.00;1635000.00;7842000.00
1065000.00;2154000.00;1441000.00;1370000.00;4524000.00
1659000.00;4784000.00;1665000.00;1824000.00;6911000.00
3085000.00;7034000.00;2066000.00;2366000.00;8778000.00
2953000.00;6144000.00;2615000.00;3176000.00;8774000.00
5256000.00;8935000.00;5403000.00;6188000.00;11560000.00
3681000.00;7987000.00;3862000.00;5090000.00;7298000.00
3082000.00;8312000.00;2397000.00;2653000.00;10258000.00
1687000.00;3046000.00;1693000.00;1808000.00;6638000.00
2437000.00;5038000.00;2924000.00;2159000.00;7493000.00
1524000.00;3788000.00;2633000.00;1778000.00;5339000.00
1621000.00;5738000.00;2055000.00;2059000.00;5388000.00
1395000.00;4175000.00;2253000.00;1173000.00;5236000.00
3241000.00;5634000.00;2634000.00;2994000.00;7966000.00
1830000.00;5847000.00;1472000.00;2269000.00;6501000.00
902000.00;3599000.00;1558000.00;1129000.00;5622000.00
1960000.00;5237000.00;2530000.00;1629000.00;5577000.00
2227000.00;3486000.00;2230000.00;1926000.00;7147000.00
2827000.00;8157000.00;3395000.00;2672000.00;10230000.00
3157000.00;7244000.00;3554000.00;1574000.00;6958000.00
5625000.00;9930000.00;6455000.00;6371000.00;8738000.00
3300000.00;8524000.00;4028000.00;3465000.00;13476000.00
1800000.00;6625000.00;2907000.00;3543000.00;10266000.00
5386000.00;9113000.00;5585000.00;4849000.00;8188000.00
2978000.00;6803000.00;4288000.00;4053000.00;8935000.00
3411000.00;9540000.00;4015000.00;3585000.00;7704000.00
3448000.00;8993000.00;2924000.00;4796000.00;11247000.00
4433000.00;10455000.00;4471000.00;5741000.00;15016000.00
4182000.00;9763000.00;2666000.00;5920000.00;11862000.00
2381000.00;7624000.00;1869000.00;2731000.00;15064000.00
3693000.00;11099000.00;4631000.00;4576000.00;8760000.00
3276000.00;6817000.00;4197000.00;3635000.00;8920000.00
4667000.00;6635000.00;4294000.00;3834000.00;8053000.00
5270000.00;9242000.00;5053000.00;3772000.00;11741000.00
4571000.00;11987000.00;6784000.00;7439000.00;16657000.00
4200000.00;12971000.00;3912000.00;6681000.00;15625000.00
2639000.00;7664000.00;2520000.00;3321000.00;9269000.00
4563000.00;7851000.00;4969000.00;4315000.00;11731000.00
4512000.00;6031000.00;4726000.00;4955000.00;10423000.00
3105000.00;7390000.00;5493000.00;3911000.00;8154000.00
2767000.00;6785000.00;3751000.00;1234000.00;9895000.00
4271000.00;8555000.00;5357000.00;4523000.00;14033000.00
3785000.00;7313000.00;4246000.00;5455000.00;13481000.00
1860000.00;4680000.00;3410000.00;3505000.00;8964000.00
3537000.00;7623000.00;5472000.00;4460000.00;13712000.00
961000.00;2886000.00;579000.00;1455000.00;3897000.00
2024000.00;6957000.00;4758000.00;2770000.00;7683000.00
2137000.00;6487000.00;2663000.00;2601000.00;7779000.00
2881000.00;10253000.00;3219000.00;4098000.00;10408000.00
2137000.00;5745000.00;2838000.00;4022000.00;11595000.00
785000.00;3671000.00;1245000.00;2483000.00;7124000.00
1880000.00;6472000.00;3029000.00;3562000.00;11985000.00
738000.00;1989000.00;0.00;1151000.00;4646000.00
2471000.00;7780000.00;2919000.00;3023000.00;7373000.00
3095000.00;6859000.00;2397000.00;2611000.00;8593000.00
3096000.00;4802000.00;2252000.00;2765000.00;8597000.00
1644000.00;4733000.00;759000.00;2007000.00;7015000.00
730000.00;1803000.00;513000.00;1336000.00;6320000.00
1095000.00;6199000.00;2671000.00;1191000.00;5882000.00
1281000.00;3903000.00;2746000.00;1578000.00;5929000.00
2769000.00;3903000.00;2281000.00;2181000.00;4199000.00
1834000.00;3182000.00;1733000.00;2318000.00;5217000.00
4548000.00;7738000.00;3133000.00;4057000.00;9167000.00
2051000.00;5624000.00;2604000.00;2773000.00;10953000.00
990000.00;2793000.00;2276000.00;1672000.00;5072000.00
3058000.00;6045000.00;2719000.00;2968000.00;8272000.00
4841000.00;7420000.00;5416000.00;4916000.00;12432000.00
1871000.00;8808000.00;4108000.00;2817000.00;8102000.00
3081000.00;5632000.00;2640000.00;2700000.00;5850000.00
3094000.00;6555000.00;3225000.00;2598000.00;9838000.00
1609000.00;5167000.00;2131000.00;2364000.00;7697000.00
1525000.00;3315000.00;1214000.00;1124000.00;7025000.00
2358000.00;4482000.00;3390000.00;1854000.00;6365000.00
1514000.00;3471000.00;1688000.00;1686000.00;5395000.00
1470000.00;2938000.00;2045000.00;1645000.00;3098000.00
1307000.00;4260000.00;2619000.00;1434000.00;5373000.00
3196000.00;5360000.00;2547000.00;2593000.00;8810000.00
1645000.00;5049000.00;2660000.00;2431000.00;7840000.00
1957000.00;4191000.00;2044000.00;661000.00;5220000.00
2092000.00;7571000.00;2740000.00;3358000.00;8576000.00
2414000.00;5378000.00;2771000.00;1807000.00;7347000.00
2893000.00;7516000.00;3595000.00;3791000.00;7529000.00
3440000.00;7431000.00;5308000.00;4423000.00;11736000.00
4394000.00;8696000.00;4833000.00;4189000.00;10157000.00
1962000.00;6575000.00;1909000.00;2868000.00;8325000.00
909000.00;2390000.00;2027000.00;2313000.00;5317000.00
3017000.00;4242000.00;2938000.00;2189000.00;6881000.00
2828000.00;4077000.00;2666000.00;1865000.00;6878000.00
1991000.00;3702000.00;2438000.00;2249000.00;5717000.00
1806000.00;3832000.00;2822000.00;1383000.00;5959000.00
3478000.00;6293000.00;3756000.00;3101000.00;6999000.00
1135000.00;3969000.00;2649000.00;1990000.00;8528000.00
931000.00;3193000.00;1388000.00;1729000.00;5193000.00
1871000.00;4628000.00;3066000.00;1371000.00;5799000.00
1841000.00;3163000.00;2297000.00;1846000.00;4229000.00
3178000.00;6761000.00;3525000.00;2999000.00;9804000.00
3039000.00;5455000.00;3970000.00;3703000.00;7850000.00
5783000.00;9271000.00;6911000.00;5659000.00;11807000.00
2746000.00;7832000.00;2776000.00;4211000.00;13203000.00
1319000.00;4076000.00;2561000.00;2198000.00;7088000.00
2421000.00;4753000.00;4082000.00;2482000.00;8955000.00
2022000.00;3862000.00;2386000.00;2259000.00;4213000.00
2097000.00;3483000.00;2919000.00;1763000.00;4343000.00
2150000.00;3764000.00;2092000.00;2113000.00;6467000.00
2111000.00;5625000.00;3897000.00;3254000.00;9299000.00
1282000.00;4925000.00;1994000.00;2035000.00;8007000.00
948000.00;3383000.00;1676000.00;1168000.00;4713000.00
1446000.00;4351000.00;3002000.00;2445000.00;6350000.00
1995000.00;3505000.00;2679000.00;1908000.00;4095000.00
1907000.00;5622000.00;2949000.00;2029000.00;5800000.00
7350000.00;12734000.00;7170000.00;8080000.00;16114000.00
4532000.00;10162000.00;4484000.00;4165000.00;11479000.00
2211000.00;6912000.00;2956000.00;3010000.00;11560000.00
946000.00;4869000.00;2639000.00;2218000.00;8107000.00
1379000.00;5096000.00;3066000.00;2167000.00;8916000.00
387000.00;3526000.00;2875000.00;1992000.00;7429000.00
626000.00;5775000.00;2577000.00;2579000.00;5706000.00
1785000.00;5094000.00;2786000.00;1442000.00;6933000.00
3229000.00;5091000.00;3193000.00;3727000.00;8244000.00
1788000.00;4735000.00;1499000.00;3317000.00;9722000.00
1034000.00;2800000.00;1159000.00;1463000.00;4940000.00
2200000.00;3831000.00;2723000.00;2055000.00;5310000.00
1688000.00;3546000.00;3194000.00;1664000.00;5298000.00
3825000.00;8153000.00;2248000.00;3121000.00;10491000.00
2648000.00;6787000.00;3620000.00;2411000.00;8961000.00
5571000.00;10454000.00;5568000.00;6425000.00;15917000.00
2307000.00;8638000.00;4016000.00;3341000.00;14751000.00
497000.00;4688000.00;1850000.00;2167000.00;7849000.00
2603000.00;5877000.00;2950000.00;2170000.00;8361000.00
2124000.00;3708000.00;4313000.00;1749000.00;5195000.00
1667000.00;4531000.00;2784000.00;1376000.00;6393000.00
2187000.00;3456000.00;2715000.00;1541000.00;5338000.00
3438000.00;5689000.00;3054000.00;2242000.00;11231000.00
2129000.00;4171000.00;2826000.00;851000.00;9669000.00
591000.00;2836000.00;1115000.00;923000.00;4816000.00
2815000.00;3687000.00;2771000.00;1707000.00;7509000.00
2643000.00;5476000.00;3579000.00;2365000.00;10919000.00
4133000.00;12325000.00;4192000.00;6479000.00;13596000.00
657000.00;3137000.00;657000.00;931000.00;5534000.00
465000.00;2289000.00;0.00;791000.00;3357000.00
1180000.00;5069000.00;1507000.00;1698000.00;8574000.00
1101000.00;5722000.00;2018000.00;2663000.00;7663000.00
2860000.00;7919000.00;5303000.00;2408000.00;10441000.00
2863000.00;4856000.00;3012000.00;2439000.00;8983000.00
1702000.00;5421000.00;2137000.00;2055000.00;4742000.00
2249000.00;4934000.00;3179000.00;1586000.00;6427000.00
3422000.00;6110000.00;3005000.00;3308000.00;8628000.00
1445000.00;5394000.00;1963000.00;700000.00;10160000.00
811000.00;2765000.00;1382000.00;821000.00;5135000.00
1410000.00;3844000.00;2982000.00;1918000.00;5557000.00
1576000.00;3364000.00;2553000.00;1168000.00;4961000.00
2363000.00;2796000.00;2766000.00;1256000.00;5057000.00
1368000.00;3629000.00;1307000.00;1406000.00;7852000.00
5236000.00;7220000.00;3022000.00;5988000.00;15301000.00
2998000.00;7669000.00;2318000.00;2909000.00;14472000.00
1225000.00;5278000.00;2015000.00;1756000.00;10004000.00
4425000.00;8940000.00;7934000.00;5667000.00;14783000.00
3537000.00;6366000.00;3111000.00;2508000.00;8429000.00
1980000.00;5614000.00;2403000.00;1592000.00;7383000.00
2459000.00;4393000.00;3078000.00;1675000.00;6239000.00
2567000.00;5345000.00;3096000.00;3133000.00;9011000.00
1703000.00;5393000.00;2336000.00;1783000.00;7923000.00
1013000.00;2821000.00;1793000.00;750000.00;5674000.00
2074000.00;5875000.00;2016000.00;1639000.00;6583000.00
1558000.00;3296000.00;1803000.00;1504000.00;5187000.00
1593000.00;3734000.00;2532000.00;1080000.00;5278000.00
1733000.00;4133000.00;1995000.00;1905000.00;4848000.00
3808000.00;8563000.00;1871000.00;4264000.00;13003000.00
1752000.00;6450000.00;2075000.00;1739000.00;11536000.00
901000.00;3652000.00;1745000.00;1232000.00;7175000.00
2867000.00;6614000.00;2908000.00;3204000.00;9341000.00
3992000.00;8947000.00;6660000.00;6109000.00;11860000.00
1727000.00;6748000.00;3505000.00;2731000.00;11315000.00
3859000.00;5940000.00;2662000.00;2539000.00;10033000.00
3114000.00;4971000.00;3643000.00;2470000.00;10617000.00
1883000.00;4871000.00;2829000.00;1890000.00;10762000.00
701000.00;2727000.00;1110000.00;1345000.00;5006000.00
2143000.00;4425000.00;3543000.00;1603000.00;5458000.00
1404000.00;4500000.00;1974000.00;1109000.00;5470000.00
1722000.00;3112000.00;2009000.00;828000.00;6375000.00
2207000.00;4425000.00;2107000.00;1979000.00;5568000.00
3225000.00;5896000.00;2082000.00;2730000.00;10962000.00
2811000.00;4354000.00;2338000.00;2406000.00;10303000.00
936000.00;3019000.00;1141000.00;1061000.00;5128000.00
3226000.00;6945000.00;2614000.00;2503000.00;10261000.00
2284000.00;6130000.00;3396000.00;2669000.00;8996000.00
4291000.00;9042000.00;6277000.00;5154000.00;13038000.00
2939000.00;5226000.00;2699000.00;4256000.00;9436000.00
3996000.00;3715000.00;3712000.00;2582000.00;9541000.00
2391000.00;5660000.00;2558000.00;3056000.00;10718000.00
503000.00;3358000.00;1447000.00;1493000.00;6193000.00
2283000.00;5540000.00;3214000.00;1796000.00;8314000.00
2472000.00;3523000.00;3059000.00;1360000.00;5655000.00
1632000.00;4135000.00;1659000.00;1467000.00;5982000.00
2118000.00;4356000.00;2322000.00;1831000.00;5786000.00
2868000.00;6153000.00;1610000.00;2871000.00;9639000.00
1955000.00;4853000.00;3407000.00;2057000.00;8212000.00
785000.00;2151000.00;917000.00;1212000.00;5346000.00
1902000.00;4231000.00;2434000.00;1541000.00;5378000.00
1618000.00;6253000.00;3207000.00;2429000.00;10157000.00
2231000.00;5615000.00;2263000.00;1965000.00;5802000.00
3498000.00;7454000.00;4686000.00;3537000.00;9843000.00
4799000.00;8002000.00;5805000.00;5732000.00;13634000.00
3082000.00;7577000.00;3315000.00;3476000.00;14429000.00
736000.00;4038000.00;2167000.00;996000.00;8514000.00
2708000.00;5236000.00;2856000.00;1950000.00;8024000.00
2817000.00;3851000.00;1948000.00;1336000.00;5813000.00
2190000.00;4131000.00;2918000.00;2144000.00;5939000.00
1679000.00;3776000.00;2122000.00;1310000.00;5774000.00
3442000.00;4576000.00;2364000.00;3142000.00;9771000.00
1530000.00;5904000.00;2415000.00;1905000.00;8337000.00
691000.00;3238000.00;1092000.00;1168000.00;5443000.00
1647000.00;4120000.00;2653000.00;1806000.00;6008000.00
1842000.00;3007000.00;2680000.00;1219000.00;4997000.00
1331000.00;3479000.00;2728000.00;2238000.00;6851000.00
4569000.00;7832000.00;3018000.00;3496000.00;11265000.00
5190000.00;10303000.00;7543000.00;7642000.00;18675000.00
3513000.00;9776000.00;4506000.00;5134000.00;16903000.00
1859000.00;4363000.00;2065000.00;2030000.00;8263000.00
3621000.00;5805000.00;4060000.00;1955000.00;7508000.00
2235000.00;4970000.00;2632000.00;1949000.00;5425000.00
1975000.00;4086000.00;2425000.00;2201000.00;5118000.00
1637000.00;3428000.00;2150000.00;1438000.00;6622000.00
2133000.00;4721000.00;2930000.00;2889000.00;8098000.00
1688000.00;4663000.00;1876000.00;2416000.00;10521000.00
1312000.00;3165000.00;836000.00;766000.00;5624000.00
1452000.00;4095000.00;2843000.00;1151000.00;6458000.00
1333000.00;3092000.00;2166000.00;1354000.00;6548000.00
1373000.00;3676000.00;2900000.00;1558000.00;6944000.00
3068000.00;4237000.00;2370000.00;1695000.00;5122000.00
6711000.00;10968000.00;7336000.00;7655000.00;16689000.00
4223000.00;9194000.00;3880000.00;5457000.00;17214000.00
1985000.00;4728000.00;1979000.00;2819000.00;11761000.00
3766000.00;7925000.00;3195000.00;3463000.00;12524000.00
1836000.00;5958000.00;2532000.00;1947000.00;8621000.00
2194000.00;3911000.00;2159000.00;3016000.00;6884000.00
2492000.00;4935000.00;3740000.00;2146000.00;6435000.00
3570000.00;6002000.00;2369000.00;2803000.00;9258000.00
2514000.00;4757000.00;2555000.00;2038000.00;9393000.00
891000.00;3408000.00;1140000.00;989000.00;4310000.00
1748000.00;3644000.00;2344000.00;1994000.00;5776000.00
2104000.00;3254000.00;2105000.00;906000.00;5186000.00
2105000.00;3785000.00;1550000.00;1251000.00;5001000.00
1723000.00;2666000.00;2118000.00;1652000.00;6336000.00
6052000.00;6982000.00;4330000.00;5297000.00;14340000.00
3039000.00;6591000.00;3145000.00;3501000.00;12515000.00
1358000.00;4385000.00;1839000.00;2462000.00;7671000.00
4526000.00;8153000.00;7188000.00;6187000.00;12940000.00
2996000.00;3862000.00;4314000.00;3365000.00;9232000.00
1924000.00;5539000.00;3456000.00;2524000.00;7524000.00
2126000.00;5237000.00;2585000.00;1611000.00;7436000.00
3615000.00;5005000.00;3009000.00;2935000.00;8285000.00
1927000.00;6141000.00;2991000.00;2296000.00;9071000.00
1147000.00;3916000.00;1726000.00;924000.00;6084000.00
1552000.00;5071000.00;2257000.00;2623000.00;6373000.00
2099000.00;3194000.00;1682000.00;1816000.00;6084000.00
1313000.00;4275000.00;2882000.00;1452000.00;4777000.00
1438000.00;3330000.00;1901000.00;887000.00;6708000.00
4523000.00;8309000.00;2591000.00;4617000.00;11962000.00
1706000.00;5105000.00;2666000.00;2643000.00;10625000.00
840000.00;4293000.00;1685000.00;1249000.00;6606000.00
2641000.00;4121000.00;3007000.00;1999000.00;7187000.00
4106000.00;9041000.00;4698000.00;3995000.00;10553000.00
4487000.00;10318000.00;6539000.00;5177000.00;12436000.00
4095000.00;6574000.00;3634000.00;3152000.00;10671000.00
2424000.00;7436000.00;2183000.00;3628000.00;13447000.00
2169000.00;6048000.00;3685000.00;2347000.00;7533000.00
1517000.00;3345000.00;1267000.00;1529000.00;8037000.00
4047000.00;4066000.00;4146000.00;2012000.00;7299000.00
2011000.00;4142000.00;2638000.00;1932000.00;5990000.00
2006000.00;4993000.00;3073000.00;2413000.00;6053000.00
2641000.00;3729000.00;2907000.00;2146000.00;6541000.00
3653000.00;4984000.00;3152000.00;2945000.00;6853000.00
2133000.00;4738000.00;2759000.00;1952000.00;9370000.00
857000.00;3227000.00;1937000.00;1052000.00;5869000.00
2129000.00;6061000.00;3494000.00;2141000.00;6254000.00
4403000.00;6848000.00;3203000.00;4066000.00;12166000.00
6134000.00;11139000.00;6486000.00;7579000.00;15059000.00
2277000.00;6923000.00;4362000.00;4874000.00;14133000.00
4488000.00;10116000.00;4576000.00;5292000.00;14669000.00
2971000.00;6909000.00;3183000.00;2581000.00;11848000.00
1169000.00;4234000.00;1414000.00;1085000.00;6944000.00
2781000.00;4971000.00;3441000.00;2344000.00;6748000.00
1184000.00;5035000.00;3139000.00;1603000.00;4900000.00
2668000.00;4418000.00;2295000.00;1610000.00;5187000.00
2100000.00;4961000.00;2432000.00;1794000.00;6151000.00
3043000.00;4195000.00;1178000.00;2932000.00;10343000.00
1514000.00;4819000.00;2698000.00;2213000.00;8804000.00
678000.00;3089000.00;1067000.00;805000.00;3873000.00
1956000.00;3255000.00;2161000.00;1440000.00;4796000.00
1716000.00;3291000.00;2133000.00;1761000.00;5260000.00
3126000.00;7540000.00;2753000.00;3509000.00;11569000.00
2865000.00;5108000.00;2219000.00;3311000.00;8495000.00
5109000.00;12279000.00;7120000.00;7140000.00;15587000.00
4006000.00;10560000.00;4051000.00;5935000.00;16268000.00
1086000.00;5266000.00;1521000.00;2459000.00;9656000.00
4318000.00;7860000.00;3854000.00;2998000.00;10291000.00
3375000.00;4026000.00;2490000.00;2694000.00;7631000.00
2218000.00;5435000.00;2627000.00;2889000.00;7445000.00
2304000.00;4109000.00;2806000.00;2280000.00;6232000.00
3118000.00;5690000.00;2994000.00;3739000.00;8397000.00
1632000.00;4551000.00;3028000.00;2397000.00;8190000.00
1117000.00;3198000.00;1306000.00;1053000.00;5499000.00
1327000.00;4404000.00;2656000.00;1872000.00;6132000.00
2136000.00;3233000.00;2812000.00;1795000.00;5248000.00
1885000.00;3124000.00;2363000.00;1881000.00;5505000.00
2199000.00;4842000.00;2049000.00;2179000.00;7069000.00
7361000.00;11776000.00;4114000.00;10081000.00;18655000.00
3117000.00;11202000.00;5721000.00;5774000.00;18452000.00
1380000.00;6085000.00;2586000.00;3297000.00;8142000.00
3236000.00;5874000.00;3921000.00;2758000.00;9681000.00
2185000.00;5505000.00;3299000.00;3336000.00;8882000.00
1835000.00;5232000.00;2747000.00;1887000.00;7055000.00
2583000.00;3082000.00;2637000.00;3111000.00;5887000.00
2488000.00;5499000.00;2680000.00;3642000.00;10947000.00
1800000.00;4968000.00;3848000.00;2387000.00;8872000.00
1157000.00;3610000.00;1917000.00;796000.00;4060000.00
1954000.00;3016000.00;3922000.00;1856000.00;5216000.00
1581000.00;4715000.00;2066000.00;1678000.00;6223000.00
2101000.00;4649000.00;3371000.00;2744000.00;7111000.00
2508000.00;5064000.00;2721000.00;2041000.00;6769000.00
5646000.00;10963000.00;4452000.00;6349000.00;13695000.00
3057000.00;2809000.00;4193000.00;3043000.00;12509000.00
1346000.00;5590000.00;2084000.00;2012000.00;7329000.00
4843000.00;9511000.00;6834000.00;5883000.00;15727000.00
3552000.00;6983000.00;4344000.00;4563000.00;9462000.00
2585000.00;5300000.00;2617000.00;2412000.00;6915000.00
3589000.00;4920000.00;3576000.00;2244000.00;7689000.00
2877000.00;7350000.00;4724000.00;3908000.00;10397000.00
2375000.00;5129000.00;2500000.00;2465000.00;11029000.00
675000.00;3307000.00;1684000.00;609000.00;5501000.00
2020000.00;4567000.00;2735000.00;0.00;7943000.00
1342000.00;2700000.00;2459000.00;0.00;5223000.00
2766000.00;4842000.00;2894000.00;1078000.00;6163000.00
3262000.00;4112000.00;2684000.00;2157000.00;6038000.00
3521000.00;7634000.00;3590000.00;4597000.00;12312000.00
2103000.00;5795000.00;3595000.00;2781000.00;9500000.00
811000.00;3583000.00;2765000.00;1578000.00;6325000.00
4156000.00;7477000.00;4260000.00;4460000.00;14850000.00
6724000.00;10338000.00;7012000.00;6404000.00;14370000.00
3716000.00;6150000.00;4571000.00;3221000.00;10010000.00
3418000.00;5241000.00;3473000.00;2713000.00;6890000.00
4422000.00;6097000.00;2416000.00;3438000.00;9587000.00
1959000.00;4105000.00;3712000.00;2904000.00;8858000.00
1361000.00;4890000.00;2231000.00;1525000.00;6406000.00
2705000.00;3539000.00;3214000.00;2904000.00;9450000.00
2042000.00;4847000.00;2329000.00;1918000.00;5145000.00
2266000.00;3155000.00;2731000.00;2014000.00;5967000.00
1917000.00;3171000.00;3112000.00;1297000.00;7251000.00
2983000.00;2754000.00;3973000.00;3400000.00;9525000.00
1891000.00;5643000.00;4183000.00;2125000.00;9028000.00
846000.00;3521000.00;1453000.00;1569000.00;5695000.00
2495000.00;8370000.00;3863000.00;3518000.00;11218000.00
2335000.00;5930000.00;2596000.00;4004000.00;6805000.00
3779000.00;8122000.00;5546000.00;5860000.00;10159000.00
5111000.00;7051000.00;6263000.00;6135000.00;12015000.00
6125000.00;10067000.00;5200000.00;5667000.00;14385000.00
2073000.00;6768000.00;3558000.00;2998000.00;13204000.00
1488000.00;4331000.00;2061000.00;2059000.00;6364000.00
3687000.00;5147000.00;3576000.00;2636000.00;10036000.00
2443000.00;4794000.00;3039000.00;2514000.00;8937000.00
2487000.00;2977000.00;3278000.00;3450000.00;10254000.00
2942000.00;4241000.00;2011000.00;2218000.00;8278000.00
2008000.00;5891000.00;2503000.00;2687000.00;11469000.00
2202000.00;5608000.00;3495000.00;3022000.00;10673000.00
843000.00;2858000.00;2170000.00;1789000.00;6167000.00
1814000.00;3950000.00;3389000.00;2622000.00;9299000.00
2501000.00;4478000.00;2791000.00;1523000.00;7030000.00
3006000.00;6884000.00;3429000.00;4263000.00;12513000.00
4237000.00;2241000.00;4854000.00;4153000.00;11926000.00
5947000.00;12380000.00;8746000.00;9620000.00;17509000.00
2202000.00;10331000.00;4139000.00;4705000.00;16534000.00
1496000.00;6098000.00;2858000.00;3105000.00;6554000.00
3048000.00;5389000.00;4832000.00;2631000.00;9910000.00
2403000.00;4972000.00;3520000.00;2777000.00;8120000.00
2120000.00;4563000.00;3162000.00;2690000.00;7362000.00
2753000.00;4690000.00;3909000.00;2792000.00;7028000.00
3552000.00;5494000.00;4525000.00;4078000.00;11029000.00
2017000.00;5401000.00;2915000.00;2731000.00;11019000.00
766000.00;3103000.00;1765000.00;1611000.00;5622000.00
2288000.00;5497000.00;2528000.00;2742000.00;7426000.00
2791000.00;4171000.00;3624000.00;2350000.00;5653000.00
3642000.00;5197000.00;2054000.00;1858000.00;9088000.00
5050000.00;8773000.00;3486000.00;2475000.00;14098000.00
6976000.00;12815000.00;6628000.00;9131000.00;17856000.00
3521000.00;11023000.00;5386000.00;5756000.00;18484000.00
